sale_date,product_name,category,quantity,price
2025-09-30,Product_1,Clothing,3,65.28
2025-09-30,Product_2,Clothing,6,50.29
2025-09-30,Product_3,Beverage,3,82.38
2025-09-30,Product_4,Beverage,2,12.68
2025-09-30,Product_5,Electronics,-1,48.5
2025-09-30,Product_6,Beverage,-3,80.34
2025-09-30,Product_7,Food,4,89.08
2025-09-30,Product_8,Electronics,7,84.71
2025-09-30,Product_9,Food,2,77.78
2025-09-30,Product_10,Clothing,1,39.34
2025-09-30,Product_11,Electronics,5,76.06
2025-09-30,Product_12,Beverage,2,99.64
2025-09-30,Product_13,Beverage,3,53.66
2025-09-30,Product_14,Beverage,6,38.81
2025-09-30,Product_15,Food,3,77.6
2025-09-30,Product_16,Clothing,5,75.93
2025-09-30,Product_17,Beverage,2,14.14
2025-09-30,Product_18,Food,3,13.07
2025-09-30,Product_19,Beverage,3,56.58
2025-09-30,Product_20,Clothing,4,9.14
2025-10-01,Product_1,Clothing,2,37.77
2025-10-01,Product_2,Food,10,86.21
2025-10-01,Product_3,Electronics,3,62.78
2025-10-01,Product_4,Food,4,50.73
2025-10-01,Product_5,Food,3,83.7
2025-10-01,Product_6,Food,5,29.94
2025-10-01,Product_7,Food,5,59.96
2025-10-01,Product_8,Electronics,5,32.49
2025-10-01,Product_9,Beverage,7,38.14
2025-10-01,Product_10,Clothing,4,16.35
2025-10-01,Product_11,Clothing,5,15.85
2025-10-01,Product_12,Clothing,10,56.74
2025-10-01,Product_13,Electronics,3,61.25
2025-10-01,Product_14,Electronics,0,23.85
2025-10-01,Product_15,Clothing,5,40.06
2025-10-01,Product_16,Beverage,3,68.78
2025-10-01,Product_17,Beverage,1,68.8
2025-10-01,Product_18,Food,6,53.01
2025-10-01,Product_19,Food,1,93.85
2025-10-01,Product_20,Clothing,1,49.0
2025-10-02,Product_1,Beverage,1,67.69
2025-10-02,Product_2,Beverage,5,60.27
2025-10-02,Product_3,Electronics,6,64.91
2025-10-02,Product_4,Food,-1,5.68
2025-10-02,Product_5,Food,2,24.71
2025-10-02,Product_6,Beverage,5,48.68
2025-10-02,Product_7,Electronics,4,69.26
2025-10-02,Product_8,Beverage,7,36.72
2025-10-02,Product_9,Food,8,63.53
2025-10-02,Product_10,Clothing,8,38.92
2025-10-02,Product_11,Clothing,6,20.71
2025-10-02,Product_12,Electronics,1,24.19
2025-10-02,Product_13,Food,2,99.38
2025-10-02,Product_14,Beverage,4,7.3
2025-10-02,Product_15,Food,3,21.66
2025-10-02,Product_16,Beverage,4,68.03
2025-10-02,Product_17,Beverage,5,66.36
2025-10-02,Product_18,Food,10,83.53
2025-10-02,Product_19,Clothing,5,53.02
2025-10-02,Product_20,Electronics,9,64.45
2025-10-03,Product_1,Food,4,81.69
2025-10-03,Product_2,Food,2,82.62
2025-10-03,Product_3,Clothing,3,31.0
2025-10-03,Product_4,Beverage,0,62.4
2025-10-03,Product_5,Beverage,5,8.81
2025-10-03,Product_6,Beverage,5,51.39
2025-10-03,Product_7,Food,3,28.87
2025-10-03,Product_8,Beverage,3,81.24
2025-10-03,Product_9,Food,8,35.08
2025-10-03,Product_10,Clothing,3,96.46
2025-10-03,Product_11,Beverage,0,66.76
2025-10-03,Product_12,Electronics,5,28.48
2025-10-03,Product_13,Clothing,3,46.36
2025-10-03,Product_14,Food,2,80.68
2025-10-03,Product_15,Food,6,21.94
2025-10-03,Product_16,Clothing,3,77.94
2025-10-03,Product_17,Clothing,3,83.19
2025-10-03,Product_18,Clothing,5,35.06
2025-10-03,Product_19,Electronics,4,17.3
2025-10-03,Product_20,Beverage,9,24.95
2025-10-04,Product_1,Food,10,97.17
2025-10-04,Product_2,Food,1,29.08
2025-10-04,Product_3,Beverage,3,12.32
2025-10-04,Product_4,Food,5,69.18
2025-10-04,Product_5,Electronics,3,33.75
2025-10-04,Product_6,Clothing,9,43.16
2025-10-04,Product_7,Beverage,2,65.05
2025-10-04,Product_8,Clothing,4,87.59
2025-10-04,Product_9,Clothing,5,9.13
2025-10-04,Product_10,Beverage,4,23.31
2025-10-04,Product_11,Beverage,1,56.57
2025-10-04,Product_12,Food,2,95.82
2025-10-04,Product_13,Beverage,2,68.14
2025-10-04,Product_14,Food,3,29.43
2025-10-04,Product_15,Clothing,5,86.88
2025-10-04,Product_16,Electronics,0,97.51
2025-10-04,Product_17,Clothing,1,61.54
2025-10-04,Product_18,Electronics,5,65.11
2025-10-04,Product_19,Clothing,5,64.08
2025-10-04,Product_20,Clothing,5,50.56
2025-10-05,Product_1,Beverage,3,16.56
2025-10-05,Product_2,Food,2,86.53
2025-10-05,Product_3,Clothing,3,36.21
2025-10-05,Product_4,Electronics,8,99.91
2025-10-05,Product_5,Beverage,5,59.17
2025-10-05,Product_6,Food,-3,66.86
2025-10-05,Product_7,Clothing,2,86.47
2025-10-05,Product_8,Electronics,7,82.79
2025-10-05,Product_9,Beverage,3,44.93
2025-10-05,Product_10,Beverage,3,9.26
2025-10-05,Product_11,Beverage,2,85.71
2025-10-05,Product_12,Electronics,2,99.34
2025-10-05,Product_13,Electronics,1,52.72
2025-10-05,Product_14,Food,8,61.83
2025-10-05,Product_15,Electronics,8,69.06
2025-10-05,Product_16,Food,3,63.42
2025-10-05,Product_17,Beverage,3,13.32
2025-10-05,Product_18,Beverage,2,40.84
2025-10-05,Product_19,Electronics,4,16.05
2025-10-05,Product_20,Beverage,4,86.26
2025-10-06,Product_1,Clothing,10,26.46
2025-10-06,Product_2,Electronics,2,30.96
2025-10-06,Product_3,Clothing,2,93.1
2025-10-06,Product_4,Clothing,3,37.55
2025-10-06,Product_5,Electronics,10,48.06
2025-10-06,Product_6,Beverage,5,84.44
2025-10-06,Product_7,Electronics,5,64.42
2025-10-06,Product_8,Electronics,5,10.35
2025-10-06,Product_9,Beverage,9,30.4
2025-10-06,Product_10,Electronics,8,41.87
2025-10-06,Product_11,Beverage,1,55.41
2025-10-06,Product_12,Beverage,6,50.32
2025-10-06,Product_13,Food,2,10.64
2025-10-06,Product_14,Clothing,3,50.0
2025-10-06,Product_15,Clothing,0,68.27
2025-10-06,Product_16,Clothing,6,81.74
2025-10-06,Product_17,Beverage,7,9.12
2025-10-06,Product_18,Food,3,58.68
2025-10-06,Product_19,Clothing,3,53.65
2025-10-06,Product_20,Electronics,3,61.59
2025-10-07,Product_1,Beverage,3,5.27
2025-10-07,Product_2,Beverage,4,54.2
2025-10-07,Product_3,Food,5,6.51
2025-10-07,Product_4,Electronics,4,97.29
2025-10-07,Product_5,Clothing,4,52.51
2025-10-07,Product_6,Electronics,1,35.1
2025-10-07,Product_7,Electronics,2,97.83
2025-10-07,Product_8,Clothing,7,66.72
2025-10-07,Product_9,Food,2,52.81
2025-10-07,Product_10,Electronics,3,66.78
2025-10-07,Product_11,Electronics,6,68.31
2025-10-07,Product_12,Clothing,5,95.18
2025-10-07,Product_13,Food,4,97.27
2025-10-07,Product_14,Clothing,-4,44.45
2025-10-07,Product_15,Food,3,47.76
2025-10-07,Product_16,Food,4,42.21
2025-10-07,Product_17,Food,3,56.0
2025-10-07,Product_18,Beverage,0,93.29
2025-10-07,Product_19,Electronics,8,90.14
2025-10-07,Product_20,Food,4,32.11
2025-10-08,Product_1,Clothing,1,10.3
2025-10-08,Product_2,Food,7,25.62
2025-10-08,Product_3,Beverage,7,68.29
2025-10-08,Product_4,Electronics,2,70.77
2025-10-08,Product_5,Beverage,2,20.36
2025-10-08,Product_6,Clothing,3,50.43
2025-10-08,Product_7,Electronics,3,53.45
2025-10-08,Product_8,Clothing,3,35.99
2025-10-08,Product_9,Clothing,10,79.95
2025-10-08,Product_10,Electronics,7,67.72
2025-10-08,Product_11,Clothing,3,10.95
2025-10-08,Product_12,Electronics,5,28.98
2025-10-08,Product_13,Beverage,6,53.15
2025-10-08,Product_14,Food,2,42.79
2025-10-08,Product_15,Clothing,4,16.2
2025-10-08,Product_16,Electronics,2,33.99
2025-10-08,Product_17,Clothing,4,36.84
2025-10-08,Product_18,Food,2,32.98
2025-10-08,Product_19,Food,5,41.6
2025-10-08,Product_20,Food,3,86.9
2025-10-09,Product_1,Electronics,6,53.46
2025-10-09,Product_2,Clothing,5,17.47
2025-10-09,Product_3,Electronics,5,23.09
2025-10-09,Product_4,Beverage,5,82.0
2025-10-09,Product_5,Electronics,0,85.0
2025-10-09,Product_6,Beverage,2,33.19
2025-10-09,Product_7,Food,3,32.74
2025-10-09,Product_8,Electronics,1,78.33
2025-10-09,Product_9,Food,1,30.84
2025-10-09,Product_10,Clothing,3,38.77
2025-10-09,Product_11,Beverage,5,29.75
2025-10-09,Product_12,Beverage,3,66.61
2025-10-09,Product_13,Clothing,4,57.9
2025-10-09,Product_14,Food,5,86.72
2025-10-09,Product_15,Clothing,6,82.97
2025-10-09,Product_16,Electronics,5,80.77
2025-10-09,Product_17,Beverage,2,28.4
2025-10-09,Product_18,Clothing,6,57.96
2025-10-09,Product_19,Food,5,60.22
2025-10-09,Product_20,Food,5,81.09
2025-10-10,Product_1,Clothing,8,45.07
2025-10-10,Product_2,Clothing,2,54.45
2025-10-10,Product_3,Electronics,4,10.38
2025-10-10,Product_4,Electronics,6,43.3
2025-10-10,Product_5,Food,4,84.74
2025-10-10,Product_6,Beverage,3,84.08
2025-10-10,Product_7,Beverage,4,56.88
2025-10-10,Product_8,Electronics,2,31.0
2025-10-10,Product_9,Beverage,2,5.25
2025-10-10,Product_10,Food,2,62.04
2025-10-10,Product_11,Clothing,3,13.11
2025-10-10,Product_12,Food,2,10.8
2025-10-10,Product_13,Clothing,2,28.66
2025-10-10,Product_14,Electronics,4,94.68
2025-10-10,Product_15,Electronics,5,82.62
2025-10-10,Product_16,Clothing,2,42.19
2025-10-10,Product_17,Clothing,3,76.25
2025-10-10,Product_18,Electronics,8,74.62
2025-10-10,Product_19,Food,5,54.51
2025-10-10,Product_20,Electronics,3,56.32
2025-10-11,Product_1,Beverage,5,97.4
2025-10-11,Product_2,Food,2,29.41
2025-10-11,Product_3,Clothing,6,44.19
2025-10-11,Product_4,Beverage,3,20.29
2025-10-11,Product_5,Clothing,0,10.7
2025-10-11,Product_6,Electronics,5,54.31
2025-10-11,Product_7,Clothing,5,38.48
2025-10-11,Product_8,Food,5,58.85
2025-10-11,Product_9,Beverage,5,87.85
2025-10-11,Product_10,Clothing,2,53.54
2025-10-11,Product_11,Electronics,10,5.42
2025-10-11,Product_12,Beverage,2,53.34
2025-10-11,Product_13,Beverage,4,46.59
2025-10-11,Product_14,Electronics,4,31.04
2025-10-11,Product_15,Electronics,0,89.03
2025-10-11,Product_16,Food,9,86.98
2025-10-11,Product_17,Electronics,5,48.33
2025-10-11,Product_18,Electronics,3,23.63
2025-10-11,Product_19,Beverage,0,29.32
2025-10-11,Product_20,Clothing,4,15.78
2025-10-12,Product_1,Electronics,1,50.14
2025-10-12,Product_2,Electronics,2,92.5
2025-10-12,Product_3,Food,4,29.25
2025-10-12,Product_4,Food,2,6.11
2025-10-12,Product_5,Beverage,6,88.11
2025-10-12,Product_6,Electronics,2,94.21
2025-10-12,Product_7,Electronics,5,82.01
2025-10-12,Product_8,Beverage,2,38.94
2025-10-12,Product_9,Beverage,6,78.98
2025-10-12,Product_10,Clothing,3,14.12
2025-10-12,Product_11,Electronics,0,66.19
2025-10-12,Product_12,Clothing,1,59.66
2025-10-12,Product_13,Beverage,3,97.05
2025-10-12,Product_14,Food,3,7.43
2025-10-12,Product_15,Clothing,5,37.67
2025-10-12,Product_16,Electronics,4,66.07
2025-10-12,Product_17,Electronics,3,77.52
2025-10-12,Product_18,Electronics,9,21.99
2025-10-12,Product_19,Beverage,5,19.46
2025-10-12,Product_20,Food,5,96.25
2025-10-13,Product_1,Electronics,2,12.87
2025-10-13,Product_2,Food,3,14.71
2025-10-13,Product_3,Beverage,2,81.61
2025-10-13,Product_4,Food,1,35.61
2025-10-13,Product_5,Electronics,9,40.01
2025-10-13,Product_6,Beverage,5,59.0
2025-10-13,Product_7,Electronics,5,21.46
2025-10-13,Product_8,Clothing,10,45.28
2025-10-13,Product_9,Electronics,8,59.85
2025-10-13,Product_10,Beverage,3,48.49
2025-10-13,Product_11,Clothing,4,7.17
2025-10-13,Product_12,Clothing,2,43.98
2025-10-13,Product_13,Beverage,9,10.84
2025-10-13,Product_14,Beverage,4,54.33
2025-10-13,Product_15,Food,8,6.78
2025-10-13,Product_16,Clothing,0,5.35
2025-10-13,Product_17,Food,4,45.27
2025-10-13,Product_18,Beverage,5,93.75
2025-10-13,Product_19,Electronics,4,41.9
2025-10-13,Product_20,Clothing,4,41.67
2025-10-14,Product_1,Electronics,0,77.31
2025-10-14,Product_2,Food,2,59.36
2025-10-14,Product_3,Food,1,69.44
2025-10-14,Product_4,Food,2,36.07
2025-10-14,Product_5,Electronics,5,41.48
2025-10-14,Product_6,Food,6,34.68
2025-10-14,Product_7,Clothing,-9,5.89
2025-10-14,Product_8,Electronics,6,75.37
2025-10-14,Product_9,Electronics,4,10.4
2025-10-14,Product_10,Electronics,0,81.99
2025-10-14,Product_11,Food,2,51.38
2025-10-14,Product_12,Beverage,-4,35.05
2025-10-14,Product_13,Beverage,2,50.93
2025-10-14,Product_14,Clothing,3,57.39
2025-10-14,Product_15,Clothing,3,95.42
2025-10-14,Product_16,Electronics,5,29.86
2025-10-14,Product_17,Beverage,6,85.82
2025-10-14,Product_18,Beverage,4,99.42
2025-10-14,Product_19,Beverage,1,68.87
2025-10-14,Product_20,Clothing,1,95.68
2025-10-15,Product_1,Food,1,32.82
2025-10-15,Product_2,Food,5,10.15
2025-10-15,Product_3,Clothing,3,62.64
2025-10-15,Product_4,Food,2,62.71
2025-10-15,Product_5,Beverage,6,48.23
2025-10-15,Product_6,Beverage,4,78.92
2025-10-15,Product_7,Food,2,74.79
2025-10-15,Product_8,Electronics,10,88.85
2025-10-15,Product_9,Beverage,6,9.89
2025-10-15,Product_10,Food,4,45.83
2025-10-15,Product_11,Electronics,4,46.0
2025-10-15,Product_12,Clothing,-5,34.47
2025-10-15,Product_13,Clothing,1,36.59
2025-10-15,Product_14,Food,4,98.47
2025-10-15,Product_15,Electronics,2,26.06
2025-10-15,Product_16,Clothing,3,18.6
2025-10-15,Product_17,Clothing,1,90.16
2025-10-15,Product_18,Food,0,38.27
2025-10-15,Product_19,Electronics,0,49.8
2025-10-15,Product_20,Beverage,3,60.06
2025-10-16,Product_1,Clothing,7,42.37
2025-10-16,Product_2,Clothing,1,62.19
2025-10-16,Product_3,Beverage,3,71.24
2025-10-16,Product_4,Electronics,4,8.94
2025-10-16,Product_5,Beverage,-10,67.23
2025-10-16,Product_6,Clothing,5,54.01
2025-10-16,Product_7,Food,6,59.45
2025-10-16,Product_8,Electronics,5,23.79
2025-10-16,Product_9,Electronics,10,65.13
2025-10-16,Product_10,Beverage,8,66.87
2025-10-16,Product_11,Food,3,99.22
2025-10-16,Product_12,Electronics,4,15.24
2025-10-16,Product_13,Food,8,68.6
2025-10-16,Product_14,Beverage,4,7.18
2025-10-16,Product_15,Clothing,8,99.3
2025-10-16,Product_16,Electronics,7,55.17
2025-10-16,Product_17,Food,10,93.41
2025-10-16,Product_18,Beverage,6,58.85
2025-10-16,Product_19,Electronics,9,6.62
2025-10-16,Product_20,Clothing,3,77.14
2025-10-17,Product_1,Beverage,2,84.28
2025-10-17,Product_2,Beverage,0,43.46
2025-10-17,Product_3,Electronics,-3,83.74
2025-10-17,Product_4,Food,3,34.85
2025-10-17,Product_5,Food,4,84.87
2025-10-17,Product_6,Electronics,3,25.29
2025-10-17,Product_7,Electronics,4,56.75
2025-10-17,Product_8,Electronics,2,14.72
2025-10-17,Product_9,Beverage,0,19.05
2025-10-17,Product_10,Electronics,8,90.71
2025-10-17,Product_11,Beverage,1,95.9
2025-10-17,Product_12,Clothing,3,35.15
2025-10-17,Product_13,Food,0,8.43
2025-10-17,Product_14,Food,1,32.08
2025-10-17,Product_15,Food,2,46.69
2025-10-17,Product_16,Beverage,1,14.6
2025-10-17,Product_17,Electronics,10,26.28
2025-10-17,Product_18,Clothing,3,60.19
2025-10-17,Product_19,Electronics,3,80.59
2025-10-17,Product_20,Beverage,3,42.12
2025-10-18,Product_1,Electronics,0,28.86
2025-10-18,Product_2,Clothing,9,41.39
2025-10-18,Product_3,Food,4,96.52
2025-10-18,Product_4,Beverage,1,36.07
2025-10-18,Product_5,Clothing,6,20.17
2025-10-18,Product_6,Beverage,3,82.78
2025-10-18,Product_7,Beverage,2,61.57
2025-10-18,Product_8,Electronics,1,22.97
2025-10-18,Product_9,Electronics,4,75.23
2025-10-18,Product_10,Food,2,18.67
2025-10-18,Product_11,Beverage,4,79.81
2025-10-18,Product_12,Clothing,4,13.33
2025-10-18,Product_13,Electronics,5,79.82
2025-10-18,Product_14,Clothing,1,18.9
2025-10-18,Product_15,Clothing,3,80.22
2025-10-18,Product_16,Clothing,3,61.32
2025-10-18,Product_17,Food,0,42.14
2025-10-18,Product_18,Beverage,-9,47.12
2025-10-18,Product_19,Electronics,2,15.26
2025-10-18,Product_20,Clothing,5,31.03
2025-10-19,Product_1,Beverage,10,99.39
2025-10-19,Product_2,Beverage,9,23.59
2025-10-19,Product_3,Electronics,3,60.08
2025-10-19,Product_4,Electronics,4,96.88
2025-10-19,Product_5,Beverage,5,79.1
2025-10-19,Product_6,Beverage,7,94.91
2025-10-19,Product_7,Food,5,69.73
2025-10-19,Product_8,Beverage,3,11.28
2025-10-19,Product_9,Electronics,5,73.99
2025-10-19,Product_10,Food,3,53.14
2025-10-19,Product_11,Clothing,4,76.72
2025-10-19,Product_12,Food,5,86.92
2025-10-19,Product_13,Electronics,4,36.98
2025-10-19,Product_14,Food,7,97.42
2025-10-19,Product_15,Beverage,3,70.13
2025-10-19,Product_16,Clothing,8,13.73
2025-10-19,Product_17,Food,8,34.55
2025-10-19,Product_18,Clothing,2,32.25
2025-10-19,Product_19,Electronics,5,50.6
2025-10-19,Product_20,Beverage,2,43.01
2025-10-20,Product_1,Electronics,2,59.31
2025-10-20,Product_2,Beverage,5,35.2
2025-10-20,Product_3,Beverage,1,10.27
2025-10-20,Product_4,Electronics,5,86.9
2025-10-20,Product_5,Clothing,7,30.98
2025-10-20,Product_6,Electronics,2,21.89
2025-10-20,Product_7,Clothing,4,34.57
2025-10-20,Product_8,Food,6,55.71
2025-10-20,Product_9,Clothing,7,5.68
2025-10-20,Product_10,Beverage,7,42.17
2025-10-20,Product_11,Beverage,5,19.93
2025-10-20,Product_12,Clothing,7,34.96
2025-10-20,Product_13,Clothing,-4,20.52
2025-10-20,Product_14,Food,2,57.28
2025-10-20,Product_15,Clothing,8,79.47
2025-10-20,Product_16,Beverage,2,9.28
2025-10-20,Product_17,Beverage,4,33.29
2025-10-20,Product_18,Beverage,3,31.84
2025-10-20,Product_19,Beverage,3,16.24
2025-10-20,Product_20,Food,3,26.66
2025-10-21,Product_1,Electronics,3,96.5
2025-10-21,Product_2,Food,3,25.78
2025-10-21,Product_3,Beverage,1,96.81
2025-10-21,Product_4,Beverage,2,69.16
2025-10-21,Product_5,Clothing,1,43.74
2025-10-21,Product_6,Electronics,0,70.71
2025-10-21,Product_7,Clothing,5,28.97
2025-10-21,Product_8,Clothing,4,72.26
2025-10-21,Product_9,Clothing,3,78.47
2025-10-21,Product_10,Food,3,26.73
2025-10-21,Product_11,Beverage,3,57.3
2025-10-21,Product_12,Electronics,4,74.12
2025-10-21,Product_13,Clothing,4,92.25
2025-10-21,Product_14,Beverage,5,66.01
2025-10-21,Product_15,Electronics,5,85.85
2025-10-21,Product_16,Electronics,7,36.45
2025-10-21,Product_17,Food,3,67.71
2025-10-21,Product_18,Beverage,3,33.51
2025-10-21,Product_19,Clothing,3,33.85
2025-10-21,Product_20,Clothing,4,82.86
2025-10-22,Product_1,Food,3,53.22
2025-10-22,Product_2,Beverage,8,26.94
2025-10-22,Product_3,Clothing,8,26.27
2025-10-22,Product_4,Clothing,4,76.32
2025-10-22,Product_5,Electronics,3,14.41
2025-10-22,Product_6,Food,7,69.12
2025-10-22,Product_7,Electronics,3,51.57
2025-10-22,Product_8,Electronics,5,7.17
2025-10-22,Product_9,Beverage,2,59.48
2025-10-22,Product_10,Electronics,5,76.0
2025-10-22,Product_11,Food,9,38.48
2025-10-22,Product_12,Clothing,7,6.23
2025-10-22,Product_13,Beverage,4,38.68
2025-10-22,Product_14,Beverage,3,33.35
2025-10-22,Product_15,Food,7,44.11
2025-10-22,Product_16,Electronics,6,76.49
2025-10-22,Product_17,Clothing,2,29.93
2025-10-22,Product_18,Clothing,7,56.9
2025-10-22,Product_19,Clothing,6,63.06
2025-10-22,Product_20,Electronics,6,81.47
2025-10-23,Product_1,Beverage,2,31.36
2025-10-23,Product_2,Electronics,4,38.24
2025-10-23,Product_3,Clothing,10,87.22
2025-10-23,Product_4,Beverage,3,69.42
2025-10-23,Product_5,Beverage,4,11.77
2025-10-23,Product_6,Beverage,6,23.45
2025-10-23,Product_7,Beverage,10,8.32
2025-10-23,Product_8,Electronics,2,58.98
2025-10-23,Product_9,Clothing,3,28.19
2025-10-23,Product_10,Clothing,4,38.45
2025-10-23,Product_11,Beverage,7,70.7
2025-10-23,Product_12,Electronics,2,40.64
2025-10-23,Product_13,Food,4,45.11
2025-10-23,Product_14,Food,9,79.38
2025-10-23,Product_15,Clothing,9,20.25
2025-10-23,Product_16,Clothing,2,85.93
2025-10-23,Product_17,Clothing,9,71.43
2025-10-23,Product_18,Food,2,42.19
2025-10-23,Product_19,Clothing,4,25.7
2025-10-23,Product_20,Food,3,73.96
2025-10-24,Product_1,Food,3,73.71
2025-10-24,Product_2,Clothing,1,91.45
2025-10-24,Product_3,Electronics,8,65.23
2025-10-24,Product_4,Food,3,99.16
2025-10-24,Product_5,Clothing,1,79.86
2025-10-24,Product_6,Beverage,3,96.15
2025-10-24,Product_7,Clothing,3,93.8
2025-10-24,Product_8,Beverage,0,11.6
2025-10-24,Product_9,Food,4,31.69
2025-10-24,Product_10,Beverage,4,41.51
2025-10-24,Product_11,Electronics,4,21.14
2025-10-24,Product_12,Electronics,3,8.43
2025-10-24,Product_13,Beverage,4,11.43
2025-10-24,Product_14,Food,3,24.12
2025-10-24,Product_15,Beverage,3,56.22
2025-10-24,Product_16,Clothing,3,81.37
2025-10-24,Product_17,Electronics,1,92.24
2025-10-24,Product_18,Electronics,4,97.81
2025-10-24,Product_19,Beverage,6,62.84
2025-10-24,Product_20,Clothing,2,82.7
2025-10-25,Product_1,Clothing,2,21.74
2025-10-25,Product_2,Beverage,4,92.63
2025-10-25,Product_3,Electronics,4,50.4
2025-10-25,Product_4,Electronics,3,86.18
2025-10-25,Product_5,Food,5,10.61
2025-10-25,Product_6,Electronics,4,13.6
2025-10-25,Product_7,Electronics,3,22.07
2025-10-25,Product_8,Electronics,3,47.9
2025-10-25,Product_9,Food,4,21.95
2025-10-25,Product_10,Clothing,2,21.8
2025-10-25,Product_11,Beverage,4,40.91
2025-10-25,Product_12,Electronics,4,56.09
2025-10-25,Product_13,Beverage,2,54.46
2025-10-25,Product_14,Electronics,7,33.68
2025-10-25,Product_15,Electronics,3,50.9
2025-10-25,Product_16,Electronics,1,61.21
2025-10-25,Product_17,Food,5,11.42
2025-10-25,Product_18,Beverage,3,60.06
2025-10-25,Product_19,Clothing,3,96.31
2025-10-25,Product_20,Beverage,5,21.45
2025-10-26,Product_1,Beverage,3,73.51
2025-10-26,Product_2,Food,3,52.87
2025-10-26,Product_3,Electronics,3,34.62
2025-10-26,Product_4,Food,2,35.92
2025-10-26,Product_5,Clothing,5,40.98
2025-10-26,Product_6,Electronics,6,94.19
2025-10-26,Product_7,Clothing,5,91.66
2025-10-26,Product_8,Electronics,3,42.53
2025-10-26,Product_9,Beverage,2,55.24
2025-10-26,Product_10,Beverage,4,34.16
2025-10-26,Product_11,Beverage,2,19.78
2025-10-26,Product_12,Beverage,0,37.69
2025-10-26,Product_13,Clothing,2,55.14
2025-10-26,Product_14,Electronics,3,52.0
2025-10-26,Product_15,Clothing,8,13.3
2025-10-26,Product_16,Beverage,2,31.65
2025-10-26,Product_17,Food,10,51.08
2025-10-26,Product_18,Food,6,36.22
2025-10-26,Product_19,Food,4,83.18
2025-10-26,Product_20,Clothing,4,75.52
2025-10-27,Product_1,Clothing,3,13.53
2025-10-27,Product_2,Beverage,4,97.34
2025-10-27,Product_3,Electronics,3,85.39
2025-10-27,Product_4,Food,4,57.31
2025-10-27,Product_5,Clothing,-9,39.87
2025-10-27,Product_6,Electronics,4,63.6
2025-10-27,Product_7,Beverage,0,57.99
2025-10-27,Product_8,Clothing,3,38.62
2025-10-27,Product_9,Electronics,4,34.62
2025-10-27,Product_10,Electronics,4,42.22
2025-10-27,Product_11,Beverage,3,80.13
2025-10-27,Product_12,Food,3,65.28
2025-10-27,Product_13,Food,3,91.08
2025-10-27,Product_14,Beverage,4,11.24
2025-10-27,Product_15,Food,7,39.18
2025-10-27,Product_16,Clothing,5,95.06
2025-10-27,Product_17,Clothing,4,31.22
2025-10-27,Product_18,Electronics,2,49.9
2025-10-27,Product_19,Food,3,71.03
2025-10-27,Product_20,Food,4,37.77
2025-10-28,Product_1,Clothing,4,6.2
2025-10-28,Product_2,Food,2,81.22
2025-10-28,Product_3,Clothing,10,18.72
2025-10-28,Product_4,Beverage,7,42.32
2025-10-28,Product_5,Beverage,2,88.52
2025-10-28,Product_6,Clothing,8,51.77
2025-10-28,Product_7,Electronics,5,22.03
2025-10-28,Product_8,Electronics,4,60.18
2025-10-28,Product_9,Food,10,24.96
2025-10-28,Product_10,Beverage,1,68.77
2025-10-28,Product_11,Food,4,66.79
2025-10-28,Product_12,Food,3,61.89
2025-10-28,Product_13,Food,4,37.51
2025-10-28,Product_14,Electronics,1,29.59
2025-10-28,Product_15,Electronics,1,74.05
2025-10-28,Product_16,Beverage,1,50.44
2025-10-28,Product_17,Beverage,4,34.42
2025-10-28,Product_18,Electronics,5,26.68
2025-10-28,Product_19,Beverage,3,84.94
2025-10-28,Product_20,Clothing,4,97.78
2025-10-29,Product_1,Food,1,67.94
2025-10-29,Product_2,Electronics,0,91.44
2025-10-29,Product_3,Electronics,3,15.89
2025-10-29,Product_4,Electronics,1,96.99
2025-10-29,Product_5,Clothing,6,61.88
2025-10-29,Product_6,Beverage,5,94.97
2025-10-29,Product_7,Clothing,3,94.15
2025-10-29,Product_8,Beverage,8,7.42
2025-10-29,Product_9,Food,9,44.05
2025-10-29,Product_10,Beverage,5,8.83
2025-10-29,Product_11,Beverage,3,5.75
2025-10-29,Product_12,Electronics,4,61.04
2025-10-29,Product_13,Beverage,3,61.72
2025-10-29,Product_14,Food,4,32.57
2025-10-29,Product_15,Clothing,2,22.0
2025-10-29,Product_16,Food,3,20.85
2025-10-29,Product_17,Clothing,1,39.32
2025-10-29,Product_18,Food,6,8.53
2025-10-29,Product_19,Electronics,-3,82.64
2025-10-29,Product_20,Electronics,7,72.84
2025-10-30,Product_1,Food,10,22.18
2025-10-30,Product_2,Beverage,2,48.11
2025-10-30,Product_3,Beverage,5,89.61
2025-10-30,Product_4,Beverage,7,27.39
2025-10-30,Product_5,Clothing,4,34.79
2025-10-30,Product_6,Clothing,3,78.67
2025-10-30,Product_7,Electronics,10,80.19
2025-10-30,Product_8,Food,10,15.76
2025-10-30,Product_9,Food,2,6.37
2025-10-30,Product_10,Beverage,7,9.54
2025-10-30,Product_11,Clothing,3,69.51
2025-10-30,Product_12,Electronics,4,22.7
2025-10-30,Product_13,Beverage,3,91.07
2025-10-30,Product_14,Food,8,69.02
2025-10-30,Product_15,Clothing,2,16.11
2025-10-30,Product_16,Clothing,4,62.31
2025-10-30,Product_17,Beverage,3,69.02
2025-10-30,Product_18,Clothing,6,21.72
2025-10-30,Product_19,Clothing,5,5.93
2025-10-30,Product_20,Electronics,7,44.88
2025-10-31,Product_1,Electronics,4,35.35
2025-10-31,Product_2,Beverage,1,70.69
2025-10-31,Product_3,Clothing,4,6.35
2025-10-31,Product_4,Food,3,45.67
2025-10-31,Product_5,Clothing,9,79.55
2025-10-31,Product_6,Electronics,5,44.13
2025-10-31,Product_7,Clothing,5,79.52
2025-10-31,Product_8,Beverage,3,20.85
2025-10-31,Product_9,Beverage,1,57.43
2025-10-31,Product_10,Electronics,2,8.71
2025-10-31,Product_11,Food,3,60.4
2025-10-31,Product_12,Beverage,2,32.72
2025-10-31,Product_13,Clothing,5,90.07
2025-10-31,Product_14,Food,1,45.2
2025-10-31,Product_15,Electronics,2,97.78
2025-10-31,Product_16,Beverage,3,76.16
2025-10-31,Product_17,Beverage,5,55.68
2025-10-31,Product_18,Clothing,5,31.65
2025-10-31,Product_19,Beverage,2,63.54
2025-10-31,Product_20,Electronics,6,47.57
2025-11-01,Product_1,Electronics,6,76.85
2025-11-01,Product_2,Electronics,1,49.97
2025-11-01,Product_3,Clothing,1,68.85
2025-11-01,Product_4,Food,9,48.67
2025-11-01,Product_5,Electronics,5,20.94
2025-11-01,Product_6,Food,3,72.11
2025-11-01,Product_7,Clothing,4,27.16
2025-11-01,Product_8,Food,1,63.58
2025-11-01,Product_9,Food,1,33.75
2025-11-01,Product_10,Beverage,3,46.52
2025-11-01,Product_11,Food,10,61.91
2025-11-01,Product_12,Food,0,47.22
2025-11-01,Product_13,Electronics,1,54.59
2025-11-01,Product_14,Electronics,4,78.81
2025-11-01,Product_15,Clothing,7,84.36
2025-11-01,Product_16,Clothing,3,57.64
2025-11-01,Product_17,Food,5,86.14
2025-11-01,Product_18,Clothing,0,39.28
2025-11-01,Product_19,Food,5,5.38
2025-11-01,Product_20,Electronics,1,77.44
2025-11-02,Product_1,Food,3,7.39
2025-11-02,Product_2,Clothing,5,80.0
2025-11-02,Product_3,Food,4,98.18
2025-11-02,Product_4,Clothing,0,95.47
2025-11-02,Product_5,Food,3,12.67
2025-11-02,Product_6,Food,2,74.96
2025-11-02,Product_7,Electronics,8,85.29
2025-11-02,Product_8,Electronics,7,31.36
2025-11-02,Product_9,Electronics,0,48.48
2025-11-02,Product_10,Electronics,5,59.04
2025-11-02,Product_11,Clothing,4,76.69
2025-11-02,Product_12,Food,7,84.46
2025-11-02,Product_13,Clothing,5,68.87
2025-11-02,Product_14,Electronics,3,42.36
2025-11-02,Product_15,Clothing,6,50.22
2025-11-02,Product_16,Food,1,38.83
2025-11-02,Product_17,Beverage,10,6.46
2025-11-02,Product_18,Electronics,0,45.8
2025-11-02,Product_19,Food,1,95.55
2025-11-02,Product_20,Beverage,4,98.78
2025-11-03,Product_1,Beverage,4,65.57
2025-11-03,Product_2,Beverage,5,69.12
2025-11-03,Product_3,Food,0,15.09
2025-11-03,Product_4,Beverage,7,21.46
2025-11-03,Product_5,Electronics,3,21.64
2025-11-03,Product_6,Beverage,5,16.46
2025-11-03,Product_7,Electronics,2,97.63
2025-11-03,Product_8,Beverage,3,53.82
2025-11-03,Product_9,Beverage,1,12.12
2025-11-03,Product_10,Clothing,3,84.7
2025-11-03,Product_11,Clothing,1,29.63
2025-11-03,Product_12,Clothing,3,66.49
2025-11-03,Product_13,Beverage,1,49.52
2025-11-03,Product_14,Electronics,0,33.44
2025-11-03,Product_15,Beverage,8,44.21
2025-11-03,Product_16,Electronics,3,48.48
2025-11-03,Product_17,Electronics,0,13.45
2025-11-03,Product_18,Food,3,67.83
2025-11-03,Product_19,Beverage,10,73.12
2025-11-03,Product_20,Electronics,3,32.94
2025-11-04,Product_1,Clothing,2,13.74
2025-11-04,Product_2,Food,3,62.57
2025-11-04,Product_3,Electronics,-3,31.5
2025-11-04,Product_4,Beverage,3,50.34
2025-11-04,Product_5,Food,3,59.23
2025-11-04,Product_6,Food,-4,28.92
2025-11-04,Product_7,Electronics,2,38.02
2025-11-04,Product_8,Clothing,0,90.57
2025-11-04,Product_9,Clothing,1,73.76
2025-11-04,Product_10,Clothing,3,81.96
2025-11-04,Product_11,Clothing,9,54.11
2025-11-04,Product_12,Clothing,5,11.59
2025-11-04,Product_13,Clothing,10,5.65
2025-11-04,Product_14,Electronics,5,63.52
2025-11-04,Product_15,Electronics,4,61.18
2025-11-04,Product_16,Beverage,4,28.7
2025-11-04,Product_17,Electronics,1,6.29
2025-11-04,Product_18,Food,3,76.51
2025-11-04,Product_19,Electronics,0,30.78
2025-11-04,Product_20,Beverage,10,11.15
2025-11-05,Product_1,Clothing,5,26.63
2025-11-05,Product_2,Food,5,59.45
2025-11-05,Product_3,Food,4,67.93
2025-11-05,Product_4,Clothing,2,42.41
2025-11-05,Product_5,Electronics,5,24.04
2025-11-05,Product_6,Electronics,5,42.69
2025-11-05,Product_7,Electronics,0,58.33
2025-11-05,Product_8,Food,4,60.93
2025-11-05,Product_9,Beverage,1,93.48
2025-11-05,Product_10,Beverage,3,13.07
2025-11-05,Product_11,Food,4,5.99
2025-11-05,Product_12,Clothing,4,97.66
2025-11-05,Product_13,Electronics,2,58.05
2025-11-05,Product_14,Electronics,0,80.02
2025-11-05,Product_15,Food,6,28.91
2025-11-05,Product_16,Electronics,3,89.05
2025-11-05,Product_17,Beverage,5,85.98
2025-11-05,Product_18,Beverage,5,13.67
2025-11-05,Product_19,Food,1,33.53
2025-11-05,Product_20,Beverage,2,75.57
2025-11-06,Product_1,Clothing,2,10.48
2025-11-06,Product_2,Beverage,3,54.27
2025-11-06,Product_3,Beverage,3,11.29
2025-11-06,Product_4,Beverage,3,88.02
2025-11-06,Product_5,Beverage,2,61.36
2025-11-06,Product_6,Electronics,1,76.56
2025-11-06,Product_7,Electronics,4,81.75
2025-11-06,Product_8,Electronics,-3,89.88
2025-11-06,Product_9,Beverage,8,32.41
2025-11-06,Product_10,Beverage,2,90.17
2025-11-06,Product_11,Beverage,8,45.88
2025-11-06,Product_12,Beverage,1,23.12
2025-11-06,Product_13,Electronics,4,35.27
2025-11-06,Product_14,Electronics,6,76.54
2025-11-06,Product_15,Clothing,4,67.01
2025-11-06,Product_16,Beverage,5,44.13
2025-11-06,Product_17,Electronics,5,12.57
2025-11-06,Product_18,Clothing,4,72.04
2025-11-06,Product_19,Electronics,1,30.18
2025-11-06,Product_20,Electronics,0,62.34
2025-11-07,Product_1,Beverage,7,91.89
2025-11-07,Product_2,Electronics,5,28.24
2025-11-07,Product_3,Food,4,71.98
2025-11-07,Product_4,Beverage,4,79.81
2025-11-07,Product_5,Electronics,4,51.62
2025-11-07,Product_6,Clothing,3,92.2
2025-11-07,Product_7,Food,2,51.81
2025-11-07,Product_8,Food,1,89.16
2025-11-07,Product_9,Electronics,5,74.18
2025-11-07,Product_10,Electronics,4,47.69
2025-11-07,Product_11,Clothing,5,49.41
2025-11-07,Product_12,Electronics,7,89.03
2025-11-07,Product_13,Food,5,61.25
2025-11-07,Product_14,Beverage,1,81.38
2025-11-07,Product_15,Clothing,3,64.68
2025-11-07,Product_16,Beverage,5,69.53
2025-11-07,Product_17,Beverage,2,30.95
2025-11-07,Product_18,Beverage,2,27.53
2025-11-07,Product_19,Food,1,66.82
2025-11-07,Product_20,Electronics,2,50.21
2025-11-08,Product_1,Beverage,5,31.61
2025-11-08,Product_2,Clothing,3,68.92
2025-11-08,Product_3,Food,4,75.4
2025-11-08,Product_4,Clothing,10,49.85
2025-11-08,Product_5,Electronics,3,9.1
2025-11-08,Product_6,Food,5,85.05
2025-11-08,Product_7,Electronics,0,13.39
2025-11-08,Product_8,Food,2,94.67
2025-11-08,Product_9,Beverage,6,58.98
2025-11-08,Product_10,Clothing,1,42.48
2025-11-08,Product_11,Beverage,3,97.72
2025-11-08,Product_12,Clothing,6,53.56
2025-11-08,Product_13,Clothing,2,79.01
2025-11-08,Product_14,Food,0,95.8
2025-11-08,Product_15,Electronics,4,86.55
2025-11-08,Product_16,Beverage,4,96.38
2025-11-08,Product_17,Beverage,9,90.18
2025-11-08,Product_18,Electronics,9,82.59
2025-11-08,Product_19,Food,5,85.35
2025-11-08,Product_20,Beverage,6,66.3
2025-11-09,Product_1,Food,10,18.99
2025-11-09,Product_2,Clothing,10,60.78
2025-11-09,Product_3,Food,3,69.34
2025-11-09,Product_4,Beverage,8,92.45
2025-11-09,Product_5,Electronics,3,33.59
2025-11-09,Product_6,Clothing,1,79.85
2025-11-09,Product_7,Clothing,6,27.43
2025-11-09,Product_8,Food,6,94.69
2025-11-09,Product_9,Electronics,1,83.46
2025-11-09,Product_10,Beverage,6,66.5
2025-11-09,Product_11,Food,6,28.9
2025-11-09,Product_12,Electronics,1,57.93
2025-11-09,Product_13,Clothing,4,71.11
2025-11-09,Product_14,Beverage,5,7.09
2025-11-09,Product_15,Clothing,5,82.47
2025-11-09,Product_16,Food,5,75.39
2025-11-09,Product_17,Electronics,10,70.42
2025-11-09,Product_18,Electronics,9,43.31
2025-11-09,Product_19,Electronics,3,50.96
2025-11-09,Product_20,Clothing,8,41.72
2025-11-10,Product_1,Beverage,3,17.06
2025-11-10,Product_2,Food,5,55.83
2025-11-10,Product_3,Clothing,9,23.86
2025-11-10,Product_4,Food,1,43.4
2025-11-10,Product_5,Food,2,61.64
2025-11-10,Product_6,Beverage,3,48.02
2025-11-10,Product_7,Beverage,1,40.14
2025-11-10,Product_8,Clothing,5,32.78
2025-11-10,Product_9,Electronics,5,83.18
2025-11-10,Product_10,Electronics,3,34.2
2025-11-10,Product_11,Electronics,9,56.0
2025-11-10,Product_12,Beverage,3,61.02
2025-11-10,Product_13,Clothing,0,60.87
2025-11-10,Product_14,Electronics,6,90.59
2025-11-10,Product_15,Food,3,44.38
2025-11-10,Product_16,Electronics,9,8.85
2025-11-10,Product_17,Electronics,0,46.4
2025-11-10,Product_18,Clothing,10,28.47
2025-11-10,Product_19,Clothing,5,81.73
2025-11-10,Product_20,Beverage,-3,63.58
2025-11-11,Product_1,Electronics,3,85.03
2025-11-11,Product_2,Electronics,1,93.45
2025-11-11,Product_3,Food,3,59.94
2025-11-11,Product_4,Clothing,8,48.52
2025-11-11,Product_5,Clothing,6,54.86
2025-11-11,Product_6,Clothing,3,13.33
2025-11-11,Product_7,Food,1,75.75
2025-11-11,Product_8,Clothing,4,22.47
2025-11-11,Product_9,Electronics,3,50.11
2025-11-11,Product_10,Food,3,43.34
2025-11-11,Product_11,Beverage,1,52.16
2025-11-11,Product_12,Electronics,6,63.57
2025-11-11,Product_13,Beverage,5,84.85
2025-11-11,Product_14,Beverage,3,35.65
2025-11-11,Product_15,Clothing,6,59.99
2025-11-11,Product_16,Clothing,7,40.84
2025-11-11,Product_17,Food,4,43.35
2025-11-11,Product_18,Clothing,3,74.68
2025-11-11,Product_19,Beverage,9,17.04
2025-11-11,Product_20,Food,5,7.17
2025-11-12,Product_1,Electronics,4,49.24
2025-11-12,Product_2,Electronics,3,20.81
2025-11-12,Product_3,Food,5,32.64
2025-11-12,Product_4,Clothing,4,67.69
2025-11-12,Product_5,Electronics,6,47.76
2025-11-12,Product_6,Electronics,-4,9.25
2025-11-12,Product_7,Clothing,5,12.83
2025-11-12,Product_8,Beverage,2,42.4
2025-11-12,Product_9,Clothing,4,63.61
2025-11-12,Product_10,Clothing,4,83.3
2025-11-12,Product_11,Beverage,5,82.15
2025-11-12,Product_12,Beverage,3,83.44
2025-11-12,Product_13,Beverage,3,56.42
2025-11-12,Product_14,Clothing,4,81.77
2025-11-12,Product_15,Beverage,10,17.47
2025-11-12,Product_16,Clothing,3,49.38
2025-11-12,Product_17,Electronics,2,76.66
2025-11-12,Product_18,Food,7,51.39
2025-11-12,Product_19,Beverage,3,34.39
2025-11-12,Product_20,Electronics,0,25.94
2025-11-13,Product_1,Electronics,7,84.82
2025-11-13,Product_2,Electronics,4,9.63
2025-11-13,Product_3,Electronics,6,17.46
2025-11-13,Product_4,Clothing,7,80.03
2025-11-13,Product_5,Food,4,62.08
2025-11-13,Product_6,Clothing,3,88.11
2025-11-13,Product_7,Food,4,17.13
2025-11-13,Product_8,Electronics,1,65.9
2025-11-13,Product_9,Electronics,2,58.65
2025-11-13,Product_10,Food,7,19.28
2025-11-13,Product_11,Electronics,2,6.26
2025-11-13,Product_12,Food,3,11.25
2025-11-13,Product_13,Electronics,6,95.13
2025-11-13,Product_14,Food,7,41.0
2025-11-13,Product_15,Food,3,10.07
2025-11-13,Product_16,Electronics,0,59.89
2025-11-13,Product_17,Beverage,5,21.33
2025-11-13,Product_18,Clothing,3,9.02
2025-11-13,Product_19,Clothing,5,39.6
2025-11-13,Product_20,Electronics,4,77.28
2025-11-14,Product_1,Electronics,1,81.72
2025-11-14,Product_2,Electronics,3,17.31
2025-11-14,Product_3,Food,2,78.19
2025-11-14,Product_4,Food,10,35.91
2025-11-14,Product_5,Beverage,1,21.54
2025-11-14,Product_6,Clothing,3,41.48
2025-11-14,Product_7,Electronics,1,60.21
2025-11-14,Product_8,Food,6,62.76
2025-11-14,Product_9,Clothing,5,40.22
2025-11-14,Product_10,Food,4,75.7
2025-11-14,Product_11,Beverage,2,92.4
2025-11-14,Product_12,Food,5,64.37
2025-11-14,Product_13,Food,5,76.85
2025-11-14,Product_14,Electronics,3,71.57
2025-11-14,Product_15,Electronics,3,52.64
2025-11-14,Product_16,Clothing,-6,18.1
2025-11-14,Product_17,Electronics,5,76.42
2025-11-14,Product_18,Electronics,10,60.29
2025-11-14,Product_19,Food,0,22.32
2025-11-14,Product_20,Beverage,2,93.87
2025-11-15,Product_1,Clothing,5,70.25
2025-11-15,Product_2,Beverage,8,66.17
2025-11-15,Product_3,Beverage,4,57.01
2025-11-15,Product_4,Food,4,77.57
2025-11-15,Product_5,Electronics,5,6.84
2025-11-15,Product_6,Beverage,4,87.06
2025-11-15,Product_7,Beverage,4,21.9
2025-11-15,Product_8,Food,3,89.3
2025-11-15,Product_9,Clothing,4,31.43
2025-11-15,Product_10,Clothing,5,40.56
2025-11-15,Product_11,Electronics,4,61.28
2025-11-15,Product_12,Beverage,4,79.24
2025-11-15,Product_13,Clothing,2,44.52
2025-11-15,Product_14,Beverage,5,62.08
2025-11-15,Product_15,Electronics,6,38.7
2025-11-15,Product_16,Clothing,3,94.56
2025-11-15,Product_17,Electronics,5,11.34
2025-11-15,Product_18,Beverage,9,57.34
2025-11-15,Product_19,Food,3,23.35
2025-11-15,Product_20,Beverage,2,94.27
2025-11-16,Product_1,Beverage,1,59.17
2025-11-16,Product_2,Food,2,39.8
2025-11-16,Product_3,Beverage,2,19.86
2025-11-16,Product_4,Food,0,48.19
2025-11-16,Product_5,Clothing,3,68.32
2025-11-16,Product_6,Clothing,1,19.53
2025-11-16,Product_7,Electronics,6,54.82
2025-11-16,Product_8,Electronics,4,89.09
2025-11-16,Product_9,Food,7,29.36
2025-11-16,Product_10,Clothing,5,43.58
2025-11-16,Product_11,Electronics,2,24.55
2025-11-16,Product_12,Food,6,14.11
2025-11-16,Product_13,Electronics,1,97.31
2025-11-16,Product_14,Food,3,10.11
2025-11-16,Product_15,Clothing,7,99.13
2025-11-16,Product_16,Electronics,4,33.09
2025-11-16,Product_17,Food,10,41.77
2025-11-16,Product_18,Electronics,1,73.34
2025-11-16,Product_19,Electronics,1,38.47
2025-11-16,Product_20,Food,2,59.85
2025-11-17,Product_1,Beverage,1,61.69
2025-11-17,Product_2,Electronics,1,75.01
2025-11-17,Product_3,Beverage,9,96.96
2025-11-17,Product_4,Food,2,94.26
2025-11-17,Product_5,Electronics,4,59.09
2025-11-17,Product_6,Beverage,2,91.16
2025-11-17,Product_7,Clothing,5,84.0
2025-11-17,Product_8,Electronics,3,64.98
2025-11-17,Product_9,Food,5,26.98
2025-11-17,Product_10,Clothing,8,24.51
2025-11-17,Product_11,Clothing,6,52.03
2025-11-17,Product_12,Electronics,2,35.2
2025-11-17,Product_13,Beverage,8,23.31
2025-11-17,Product_14,Food,3,8.12
2025-11-17,Product_15,Electronics,3,31.48
2025-11-17,Product_16,Food,3,66.06
2025-11-17,Product_17,Electronics,1,80.6
2025-11-17,Product_18,Clothing,6,47.63
2025-11-17,Product_19,Clothing,2,42.49
2025-11-17,Product_20,Food,4,96.05
2025-11-18,Product_1,Beverage,4,71.01
2025-11-18,Product_2,Beverage,1,92.48
2025-11-18,Product_3,Food,3,31.51
2025-11-18,Product_4,Electronics,4,86.87
2025-11-18,Product_5,Clothing,2,61.58
2025-11-18,Product_6,Electronics,3,57.99
2025-11-18,Product_7,Electronics,5,24.06
2025-11-18,Product_8,Beverage,10,16.8
2025-11-18,Product_9,Beverage,5,42.25
2025-11-18,Product_10,Clothing,3,67.28
2025-11-18,Product_11,Beverage,4,37.97
2025-11-18,Product_12,Beverage,0,41.51
2025-11-18,Product_13,Food,2,25.96
2025-11-18,Product_14,Beverage,3,83.45
2025-11-18,Product_15,Food,4,26.92
2025-11-18,Product_16,Food,2,21.93
2025-11-18,Product_17,Food,-3,91.33
2025-11-18,Product_18,Food,3,9.43
2025-11-18,Product_19,Beverage,5,40.65
2025-11-18,Product_20,Electronics,5,40.85
2025-11-19,Product_1,Food,6,82.4
2025-11-19,Product_2,Electronics,2,54.52
2025-11-19,Product_3,Beverage,3,32.14
2025-11-19,Product_4,Food,3,72.4
2025-11-19,Product_5,Clothing,6,66.08
2025-11-19,Product_6,Food,4,94.43
2025-11-19,Product_7,Food,4,37.15
2025-11-19,Product_8,Beverage,1,99.65
2025-11-19,Product_9,Beverage,3,45.92
2025-11-19,Product_10,Electronics,7,25.83
2025-11-19,Product_11,Beverage,3,27.19
2025-11-19,Product_12,Clothing,1,80.43
2025-11-19,Product_13,Food,3,90.91
2025-11-19,Product_14,Clothing,4,40.44
2025-11-19,Product_15,Food,2,9.57
2025-11-19,Product_16,Electronics,3,33.71
2025-11-19,Product_17,Clothing,5,99.8
2025-11-19,Product_18,Clothing,3,6.06
2025-11-19,Product_19,Electronics,9,87.99
2025-11-19,Product_20,Beverage,3,97.69
2025-11-20,Product_1,Food,4,20.42
2025-11-20,Product_2,Electronics,0,60.24
2025-11-20,Product_3,Electronics,3,99.24
2025-11-20,Product_4,Food,3,8.51
2025-11-20,Product_5,Electronics,6,22.43
2025-11-20,Product_6,Food,1,7.86
2025-11-20,Product_7,Food,2,69.97
2025-11-20,Product_8,Electronics,10,26.16
2025-11-20,Product_9,Food,6,27.74
2025-11-20,Product_10,Beverage,3,47.42
2025-11-20,Product_11,Electronics,10,59.49
2025-11-20,Product_12,Electronics,3,58.17
2025-11-20,Product_13,Food,8,13.46
2025-11-20,Product_14,Clothing,5,86.06
2025-11-20,Product_15,Electronics,-3,27.95
2025-11-20,Product_16,Food,3,14.97
2025-11-20,Product_17,Clothing,0,14.41
2025-11-20,Product_18,Food,2,59.75
2025-11-20,Product_19,Electronics,4,39.01
2025-11-20,Product_20,Clothing,1,56.34
2025-11-21,Product_1,Food,4,51.19
2025-11-21,Product_2,Food,5,25.44
2025-11-21,Product_3,Electronics,2,14.99
2025-11-21,Product_4,Beverage,2,47.5
2025-11-21,Product_5,Beverage,5,79.52
2025-11-21,Product_6,Beverage,1,58.9
2025-11-21,Product_7,Food,1,49.72
2025-11-21,Product_8,Electronics,10,45.99
2025-11-21,Product_9,Clothing,3,17.9
2025-11-21,Product_10,Food,3,68.39
2025-11-21,Product_11,Food,6,6.65
2025-11-21,Product_12,Electronics,3,62.62
2025-11-21,Product_13,Electronics,4,77.35
2025-11-21,Product_14,Clothing,6,16.01
2025-11-21,Product_15,Food,3,85.75
2025-11-21,Product_16,Clothing,3,87.47
2025-11-21,Product_17,Beverage,3,89.2
2025-11-21,Product_18,Beverage,3,86.27
2025-11-21,Product_19,Electronics,4,44.02
2025-11-21,Product_20,Clothing,3,7.89
2025-11-22,Product_1,Clothing,10,6.53
2025-11-22,Product_2,Electronics,5,5.59
2025-11-22,Product_3,Clothing,3,76.98
2025-11-22,Product_4,Clothing,4,17.1
2025-11-22,Product_5,Clothing,4,13.27
2025-11-22,Product_6,Electronics,1,54.58
2025-11-22,Product_7,Food,7,44.05
2025-11-22,Product_8,Beverage,4,13.98
2025-11-22,Product_9,Clothing,5,64.45
2025-11-22,Product_10,Food,1,13.03
2025-11-22,Product_11,Food,6,66.04
2025-11-22,Product_12,Clothing,3,40.15
2025-11-22,Product_13,Clothing,8,25.02
2025-11-22,Product_14,Beverage,3,63.2
2025-11-22,Product_15,Beverage,4,86.74
2025-11-22,Product_16,Food,4,22.61
2025-11-22,Product_17,Electronics,3,25.1
2025-11-22,Product_18,Electronics,5,80.94
2025-11-22,Product_19,Food,2,6.63
2025-11-22,Product_20,Clothing,3,93.0
2025-11-23,Product_1,Electronics,6,12.36
2025-11-23,Product_2,Beverage,4,55.68
2025-11-23,Product_3,Electronics,3,72.82
2025-11-23,Product_4,Clothing,6,73.5
2025-11-23,Product_5,Beverage,5,44.88
2025-11-23,Product_6,Beverage,3,78.92
2025-11-23,Product_7,Clothing,2,89.18
2025-11-23,Product_8,Electronics,7,59.47
2025-11-23,Product_9,Beverage,3,48.09
2025-11-23,Product_10,Food,3,46.9
2025-11-23,Product_11,Beverage,3,85.28
2025-11-23,Product_12,Clothing,3,55.61
2025-11-23,Product_13,Food,7,46.41
2025-11-23,Product_14,Beverage,7,47.04
2025-11-23,Product_15,Electronics,10,67.48
2025-11-23,Product_16,Food,2,66.75
2025-11-23,Product_17,Electronics,4,76.22
2025-11-23,Product_18,Electronics,6,34.03
2025-11-23,Product_19,Beverage,4,25.95
2025-11-23,Product_20,Electronics,2,30.93
2025-11-24,Product_1,Food,4,47.24
2025-11-24,Product_2,Food,3,95.23
2025-11-24,Product_3,Beverage,0,71.52
2025-11-24,Product_4,Food,4,53.63
2025-11-24,Product_5,Food,5,60.03
2025-11-24,Product_6,Food,2,97.19
2025-11-24,Product_7,Food,5,75.54
2025-11-24,Product_8,Food,4,74.95
2025-11-24,Product_9,Electronics,3,7.78
2025-11-24,Product_10,Clothing,1,74.86
2025-11-24,Product_11,Clothing,7,64.02
2025-11-24,Product_12,Electronics,0,50.56
2025-11-24,Product_13,Electronics,6,82.32
2025-11-24,Product_14,Food,4,48.32
2025-11-24,Product_15,Food,7,35.7
2025-11-24,Product_16,Clothing,1,66.13
2025-11-24,Product_17,Food,2,87.24
2025-11-24,Product_18,Food,3,56.45
2025-11-24,Product_19,Clothing,4,92.24
2025-11-24,Product_20,Clothing,5,39.25
2025-11-25,Product_1,Electronics,7,79.62
2025-11-25,Product_2,Beverage,6,39.78
2025-11-25,Product_3,Beverage,0,75.35
2025-11-25,Product_4,Food,5,58.06
2025-11-25,Product_5,Clothing,4,66.17
2025-11-25,Product_6,Beverage,4,53.09
2025-11-25,Product_7,Beverage,3,59.11
2025-11-25,Product_8,Beverage,3,43.77
2025-11-25,Product_9,Clothing,5,41.37
2025-11-25,Product_10,Clothing,6,36.4
2025-11-25,Product_11,Electronics,3,17.54
2025-11-25,Product_12,Beverage,8,71.62
2025-11-25,Product_13,Beverage,-2,70.5
2025-11-25,Product_14,Clothing,3,40.66
2025-11-25,Product_15,Clothing,1,94.51
2025-11-25,Product_16,Food,2,16.89
2025-11-25,Product_17,Beverage,8,47.98
2025-11-25,Product_18,Clothing,4,38.87
2025-11-25,Product_19,Clothing,7,77.9
2025-11-25,Product_20,Beverage,7,57.36
2025-11-26,Product_1,Food,3,97.21
2025-11-26,Product_2,Beverage,5,74.63
2025-11-26,Product_3,Food,3,32.57
2025-11-26,Product_4,Beverage,3,32.9
2025-11-26,Product_5,Clothing,5,85.06
2025-11-26,Product_6,Clothing,2,76.43
2025-11-26,Product_7,Electronics,1,61.74
2025-11-26,Product_8,Food,3,6.1
2025-11-26,Product_9,Food,5,68.12
2025-11-26,Product_10,Clothing,4,84.88
2025-11-26,Product_11,Electronics,4,75.72
2025-11-26,Product_12,Food,4,45.34
2025-11-26,Product_13,Food,1,88.68
2025-11-26,Product_14,Electronics,4,28.67
2025-11-26,Product_15,Electronics,3,41.1
2025-11-26,Product_16,Clothing,3,43.83
2025-11-26,Product_17,Food,10,87.47
2025-11-26,Product_18,Food,5,47.45
2025-11-26,Product_19,Food,0,77.73
2025-11-26,Product_20,Clothing,2,20.69
2025-11-27,Product_1,Food,2,72.85
2025-11-27,Product_2,Electronics,5,26.57
2025-11-27,Product_3,Food,3,31.22
2025-11-27,Product_4,Electronics,5,83.97
2025-11-27,Product_5,Beverage,1,28.58
2025-11-27,Product_6,Electronics,4,66.97
2025-11-27,Product_7,Electronics,2,26.35
2025-11-27,Product_8,Food,4,45.02
2025-11-27,Product_9,Food,4,19.85
2025-11-27,Product_10,Clothing,2,59.2
2025-11-27,Product_11,Food,2,32.24
2025-11-27,Product_12,Clothing,2,81.53
2025-11-27,Product_13,Electronics,1,39.57
2025-11-27,Product_14,Beverage,3,98.65
2025-11-27,Product_15,Clothing,4,30.63
2025-11-27,Product_16,Electronics,0,26.63
2025-11-27,Product_17,Electronics,4,21.64
2025-11-27,Product_18,Clothing,1,73.36
2025-11-27,Product_19,Clothing,3,82.88
2025-11-27,Product_20,Electronics,8,28.73
2025-11-28,Product_1,Electronics,6,39.82
2025-11-28,Product_2,Electronics,-1,48.43
2025-11-28,Product_3,Food,3,93.07
2025-11-28,Product_4,Beverage,0,78.43
2025-11-28,Product_5,Beverage,3,8.96
2025-11-28,Product_6,Clothing,5,61.88
2025-11-28,Product_7,Food,4,63.8
2025-11-28,Product_8,Beverage,1,27.42
2025-11-28,Product_9,Beverage,2,13.36
2025-11-28,Product_10,Food,3,74.8
2025-11-28,Product_11,Clothing,3,29.79
2025-11-28,Product_12,Clothing,3,29.45
2025-11-28,Product_13,Food,2,34.23
2025-11-28,Product_14,Food,0,36.54
2025-11-28,Product_15,Beverage,6,97.58
2025-11-28,Product_16,Electronics,1,68.7
2025-11-28,Product_17,Clothing,2,83.93
2025-11-28,Product_18,Food,1,99.66
2025-11-28,Product_19,Food,6,56.73
2025-11-28,Product_20,Beverage,7,63.78
2025-11-29,Product_1,Beverage,6,61.14
2025-11-29,Product_2,Clothing,3,71.2
2025-11-29,Product_3,Electronics,4,78.24
2025-11-29,Product_4,Beverage,3,30.3
2025-11-29,Product_5,Food,5,72.13
2025-11-29,Product_6,Clothing,5,87.89
2025-11-29,Product_7,Electronics,4,14.31
2025-11-29,Product_8,Food,1,91.57
2025-11-29,Product_9,Beverage,3,88.2
2025-11-29,Product_10,Beverage,3,13.46
2025-11-29,Product_11,Beverage,3,91.84
2025-11-29,Product_12,Beverage,3,9.62
2025-11-29,Product_13,Electronics,2,73.82
2025-11-29,Product_14,Electronics,9,46.45
2025-11-29,Product_15,Electronics,5,96.8
2025-11-29,Product_16,Electronics,6,59.0
2025-11-29,Product_17,Clothing,7,93.3
2025-11-29,Product_18,Electronics,6,44.9
2025-11-29,Product_19,Beverage,1,32.46
2025-11-29,Product_20,Food,1,66.38
2025-11-30,Product_1,Electronics,0,63.04
2025-11-30,Product_2,Food,3,82.61
2025-11-30,Product_3,Clothing,4,72.91
2025-11-30,Product_4,Beverage,10,82.18
2025-11-30,Product_5,Beverage,5,23.83
2025-11-30,Product_6,Electronics,9,22.88
2025-11-30,Product_7,Beverage,6,33.38
2025-11-30,Product_8,Food,5,26.78
2025-11-30,Product_9,Food,0,98.73
2025-11-30,Product_10,Electronics,2,77.5
2025-11-30,Product_11,Electronics,7,30.25
2025-11-30,Product_12,Beverage,0,37.63
2025-11-30,Product_13,Clothing,2,70.92
2025-11-30,Product_14,Food,3,5.23
2025-11-30,Product_15,Beverage,10,23.89
2025-11-30,Product_16,Electronics,7,27.28
2025-11-30,Product_17,Clothing,3,19.16
2025-11-30,Product_18,Clothing,5,31.04
2025-11-30,Product_19,Food,5,65.44
2025-11-30,Product_20,Clothing,0,79.6
2025-12-01,Product_1,Food,3,87.01
2025-12-01,Product_2,Beverage,4,87.27
2025-12-01,Product_3,Clothing,1,22.89
2025-12-01,Product_4,Food,10,38.69
2025-12-01,Product_5,Electronics,9,18.57
2025-12-01,Product_6,Food,4,80.24
2025-12-01,Product_7,Food,6,73.07
2025-12-01,Product_8,Food,6,65.93
2025-12-01,Product_9,Electronics,-5,77.89
2025-12-01,Product_10,Food,3,21.83
2025-12-01,Product_11,Beverage,4,95.52
2025-12-01,Product_12,Electronics,2,43.14
2025-12-01,Product_13,Beverage,5,32.08
2025-12-01,Product_14,Food,2,75.21
2025-12-01,Product_15,Electronics,4,93.94
2025-12-01,Product_16,Clothing,5,59.75
2025-12-01,Product_17,Clothing,4,43.53
2025-12-01,Product_18,Food,1,90.39
2025-12-01,Product_19,Clothing,3,63.17
2025-12-01,Product_20,Electronics,8,34.57
2025-12-02,Product_1,Electronics,3,19.15
2025-12-02,Product_2,Electronics,10,60.25
2025-12-02,Product_3,Food,3,89.15
2025-12-02,Product_4,Beverage,3,16.34
2025-12-02,Product_5,Electronics,3,33.46
2025-12-02,Product_6,Clothing,3,11.42
2025-12-02,Product_7,Electronics,5,45.27
2025-12-02,Product_8,Clothing,4,68.43
2025-12-02,Product_9,Food,3,82.91
2025-12-02,Product_10,Electronics,3,98.54
2025-12-02,Product_11,Electronics,6,24.41
2025-12-02,Product_12,Food,3,94.0
2025-12-02,Product_13,Clothing,10,92.86
2025-12-02,Product_14,Electronics,4,15.6
2025-12-02,Product_15,Beverage,6,90.06
2025-12-02,Product_16,Beverage,4,82.29
2025-12-02,Product_17,Food,3,73.45
2025-12-02,Product_18,Electronics,2,82.02
2025-12-02,Product_19,Clothing,5,76.94
2025-12-02,Product_20,Beverage,2,64.86
2025-12-03,Product_1,Electronics,3,48.62
2025-12-03,Product_2,Beverage,8,87.24
2025-12-03,Product_3,Electronics,0,51.16
2025-12-03,Product_4,Clothing,3,89.31
2025-12-03,Product_5,Beverage,9,99.81
2025-12-03,Product_6,Electronics,2,67.86
2025-12-03,Product_7,Clothing,3,5.36
2025-12-03,Product_8,Beverage,8,67.53
2025-12-03,Product_9,Beverage,5,80.58
2025-12-03,Product_10,Beverage,1,53.38
2025-12-03,Product_11,Electronics,1,24.35
2025-12-03,Product_12,Food,4,51.54
2025-12-03,Product_13,Beverage,4,77.47
2025-12-03,Product_14,Electronics,3,43.89
2025-12-03,Product_15,Electronics,3,56.49
2025-12-03,Product_16,Food,4,93.11
2025-12-03,Product_17,Beverage,2,81.26
2025-12-03,Product_18,Electronics,1,26.64
2025-12-03,Product_19,Food,1,24.23
2025-12-03,Product_20,Beverage,3,9.81
2025-12-04,Product_1,Beverage,9,50.33
2025-12-04,Product_2,Beverage,4,57.63
2025-12-04,Product_3,Food,0,38.96
2025-12-04,Product_4,Food,6,44.17
2025-12-04,Product_5,Beverage,4,32.58
2025-12-04,Product_6,Electronics,5,76.27
2025-12-04,Product_7,Beverage,2,65.31
2025-12-04,Product_8,Food,1,94.41
2025-12-04,Product_9,Clothing,3,23.32
2025-12-04,Product_10,Electronics,5,86.86
2025-12-04,Product_11,Beverage,2,88.49
2025-12-04,Product_12,Electronics,5,28.76
2025-12-04,Product_13,Food,3,38.54
2025-12-04,Product_14,Clothing,5,20.6
2025-12-04,Product_15,Food,3,91.59
2025-12-04,Product_16,Electronics,4,46.26
2025-12-04,Product_17,Electronics,5,22.51
2025-12-04,Product_18,Beverage,0,9.75
2025-12-04,Product_19,Food,8,70.51
2025-12-04,Product_20,Electronics,2,27.51
2025-12-05,Product_1,Clothing,3,40.81
2025-12-05,Product_2,Beverage,2,58.15
2025-12-05,Product_3,Clothing,4,75.36
2025-12-05,Product_4,Beverage,3,8.54
2025-12-05,Product_5,Clothing,1,46.42
2025-12-05,Product_6,Beverage,7,19.63
2025-12-05,Product_7,Beverage,1,45.11
2025-12-05,Product_8,Beverage,8,38.0
2025-12-05,Product_9,Clothing,5,72.44
2025-12-05,Product_10,Food,2,56.67
2025-12-05,Product_11,Beverage,7,14.14
2025-12-05,Product_12,Electronics,4,25.25
2025-12-05,Product_13,Food,5,86.54
2025-12-05,Product_14,Clothing,6,67.65
2025-12-05,Product_15,Clothing,4,29.13
2025-12-05,Product_16,Electronics,10,73.04
2025-12-05,Product_17,Electronics,4,26.68
2025-12-05,Product_18,Beverage,4,49.97
2025-12-05,Product_19,Clothing,5,48.72
2025-12-05,Product_20,Clothing,1,45.0
2025-12-06,Product_1,Beverage,2,12.4
2025-12-06,Product_2,Beverage,2,94.33
2025-12-06,Product_3,Electronics,4,75.68
2025-12-06,Product_4,Electronics,10,71.75
2025-12-06,Product_5,Clothing,3,75.4
2025-12-06,Product_6,Beverage,9,44.95
2025-12-06,Product_7,Clothing,4,96.79
2025-12-06,Product_8,Food,5,5.46
2025-12-06,Product_9,Food,-4,35.58
2025-12-06,Product_10,Electronics,2,24.7
2025-12-06,Product_11,Clothing,2,87.49
2025-12-06,Product_12,Electronics,10,78.96
2025-12-06,Product_13,Beverage,2,45.62
2025-12-06,Product_14,Food,8,13.84
2025-12-06,Product_15,Beverage,-2,42.52
2025-12-06,Product_16,Electronics,2,32.73
2025-12-06,Product_17,Electronics,1,68.45
2025-12-06,Product_18,Beverage,5,33.23
2025-12-06,Product_19,Beverage,7,84.73
2025-12-06,Product_20,Clothing,5,38.96
2025-12-07,Product_1,Food,3,70.17
2025-12-07,Product_2,Clothing,3,19.13
2025-12-07,Product_3,Food,6,74.02
2025-12-07,Product_4,Clothing,2,40.89
2025-12-07,Product_5,Clothing,6,90.24
2025-12-07,Product_6,Clothing,2,88.26
2025-12-07,Product_7,Beverage,4,11.98
2025-12-07,Product_8,Electronics,9,36.78
2025-12-07,Product_9,Food,7,92.94
2025-12-07,Product_10,Electronics,9,16.13
2025-12-07,Product_11,Food,1,49.63
2025-12-07,Product_12,Beverage,0,24.31
2025-12-07,Product_13,Electronics,10,59.31
2025-12-07,Product_14,Clothing,2,37.34
2025-12-07,Product_15,Clothing,0,46.03
2025-12-07,Product_16,Clothing,4,53.88
2025-12-07,Product_17,Food,2,76.93
2025-12-07,Product_18,Food,2,71.58
2025-12-07,Product_19,Beverage,2,16.45
2025-12-07,Product_20,Clothing,2,13.03
2025-12-08,Product_1,Electronics,4,7.68
2025-12-08,Product_2,Electronics,1,90.2
2025-12-08,Product_3,Clothing,2,92.87
2025-12-08,Product_4,Electronics,3,23.17
2025-12-08,Product_5,Electronics,3,17.5
2025-12-08,Product_6,Electronics,3,66.66
2025-12-08,Product_7,Electronics,3,26.49
2025-12-08,Product_8,Beverage,0,88.58
2025-12-08,Product_9,Electronics,6,75.78
2025-12-08,Product_10,Food,5,40.49
2025-12-08,Product_11,Electronics,4,72.6
2025-12-08,Product_12,Food,3,49.77
2025-12-08,Product_13,Food,2,28.05
2025-12-08,Product_14,Food,3,99.49
2025-12-08,Product_15,Clothing,6,24.54
2025-12-08,Product_16,Electronics,9,58.4
2025-12-08,Product_17,Beverage,10,84.32
2025-12-08,Product_18,Beverage,2,32.38
2025-12-08,Product_19,Food,4,81.57
2025-12-08,Product_20,Food,4,23.93
2025-12-09,Product_1,Beverage,4,66.44
2025-12-09,Product_2,Electronics,4,8.57
2025-12-09,Product_3,Beverage,4,77.03
2025-12-09,Product_4,Food,4,81.93
2025-12-09,Product_5,Beverage,3,87.05
2025-12-09,Product_6,Beverage,10,14.18
2025-12-09,Product_7,Beverage,8,68.32
2025-12-09,Product_8,Electronics,6,76.01
2025-12-09,Product_9,Food,3,49.01
2025-12-09,Product_10,Beverage,10,53.32
2025-12-09,Product_11,Clothing,9,18.04
2025-12-09,Product_12,Electronics,3,10.87
2025-12-09,Product_13,Electronics,3,28.96
2025-12-09,Product_14,Beverage,2,43.33
2025-12-09,Product_15,Clothing,2,78.5
2025-12-09,Product_16,Beverage,4,85.28
2025-12-09,Product_17,Food,3,49.43
2025-12-09,Product_18,Electronics,8,38.13
2025-12-09,Product_19,Electronics,7,89.04
2025-12-09,Product_20,Beverage,4,76.84
2025-12-10,Product_1,Food,7,23.83
2025-12-10,Product_2,Clothing,2,46.36
2025-12-10,Product_3,Beverage,3,30.53
2025-12-10,Product_4,Electronics,0,55.39
2025-12-10,Product_5,Clothing,3,97.42
2025-12-10,Product_6,Clothing,3,35.78
2025-12-10,Product_7,Clothing,4,61.61
2025-12-10,Product_8,Beverage,4,44.56
2025-12-10,Product_9,Clothing,3,58.56
2025-12-10,Product_10,Electronics,2,57.73
2025-12-10,Product_11,Clothing,4,30.83
2025-12-10,Product_12,Beverage,2,46.95
2025-12-10,Product_13,Electronics,9,43.05
2025-12-10,Product_14,Clothing,7,27.3
2025-12-10,Product_15,Clothing,2,21.13
2025-12-10,Product_16,Food,9,53.33
2025-12-10,Product_17,Beverage,4,85.41
2025-12-10,Product_18,Food,1,23.45
2025-12-10,Product_19,Clothing,8,79.92
2025-12-10,Product_20,Food,2,90.61
2025-12-11,Product_1,Clothing,9,85.89
2025-12-11,Product_2,Clothing,10,57.68
2025-12-11,Product_3,Electronics,4,95.91
2025-12-11,Product_4,Beverage,1,5.81
2025-12-11,Product_5,Clothing,3,35.37
2025-12-11,Product_6,Clothing,3,58.52
2025-12-11,Product_7,Electronics,5,36.51
2025-12-11,Product_8,Beverage,4,46.88
2025-12-11,Product_9,Electronics,4,28.57
2025-12-11,Product_10,Beverage,7,59.4
2025-12-11,Product_11,Clothing,8,42.97
2025-12-11,Product_12,Food,10,94.24
2025-12-11,Product_13,Beverage,1,82.46
2025-12-11,Product_14,Food,9,56.46
2025-12-11,Product_15,Clothing,3,81.52
2025-12-11,Product_16,Beverage,4,94.86
2025-12-11,Product_17,Beverage,6,27.96
2025-12-11,Product_18,Electronics,5,18.31
2025-12-11,Product_19,Electronics,10,82.37
2025-12-11,Product_20,Beverage,5,13.96
2025-12-12,Product_1,Beverage,4,86.53
2025-12-12,Product_2,Electronics,7,73.9
2025-12-12,Product_3,Electronics,2,82.91
2025-12-12,Product_4,Clothing,3,78.04
2025-12-12,Product_5,Clothing,9,83.58
2025-12-12,Product_6,Beverage,4,58.83
2025-12-12,Product_7,Clothing,3,45.19
2025-12-12,Product_8,Food,1,70.86
2025-12-12,Product_9,Clothing,2,74.76
2025-12-12,Product_10,Food,2,46.54
2025-12-12,Product_11,Clothing,2,88.94
2025-12-12,Product_12,Electronics,5,64.67
2025-12-12,Product_13,Beverage,5,40.78
2025-12-12,Product_14,Beverage,10,85.09
2025-12-12,Product_15,Clothing,8,41.66
2025-12-12,Product_16,Beverage,6,51.44
2025-12-12,Product_17,Clothing,6,9.08
2025-12-12,Product_18,Food,8,99.32
2025-12-12,Product_19,Electronics,2,92.02
2025-12-12,Product_20,Clothing,7,32.93
2025-12-13,Product_1,Beverage,5,74.2
2025-12-13,Product_2,Beverage,3,10.77
2025-12-13,Product_3,Beverage,6,52.84
2025-12-13,Product_4,Clothing,7,6.65
2025-12-13,Product_5,Beverage,5,69.22
2025-12-13,Product_6,Food,7,27.68
2025-12-13,Product_7,Food,6,39.18
2025-12-13,Product_8,Food,10,29.18
2025-12-13,Product_9,Beverage,3,6.36
2025-12-13,Product_10,Food,7,20.6
2025-12-13,Product_11,Food,1,85.6
2025-12-13,Product_12,Clothing,8,90.12
2025-12-13,Product_13,Food,2,11.38
2025-12-13,Product_14,Clothing,0,63.97
2025-12-13,Product_15,Beverage,4,51.59
2025-12-13,Product_16,Beverage,3,11.44
2025-12-13,Product_17,Electronics,4,29.48
2025-12-13,Product_18,Beverage,1,65.83
2025-12-13,Product_19,Clothing,1,72.16
2025-12-13,Product_20,Food,0,75.2
2025-12-14,Product_1,Food,10,97.64
2025-12-14,Product_2,Food,3,19.64
2025-12-14,Product_3,Clothing,2,53.95
2025-12-14,Product_4,Food,3,48.75
2025-12-14,Product_5,Clothing,3,14.3
2025-12-14,Product_6,Electronics,1,84.45
2025-12-14,Product_7,Food,5,31.24
2025-12-14,Product_8,Clothing,3,55.56
2025-12-14,Product_9,Food,9,43.0
2025-12-14,Product_10,Beverage,8,70.07
2025-12-14,Product_11,Food,8,26.3
2025-12-14,Product_12,Food,3,28.11
2025-12-14,Product_13,Beverage,4,62.32
2025-12-14,Product_14,Electronics,5,61.19
2025-12-14,Product_15,Electronics,4,43.63
2025-12-14,Product_16,Beverage,9,74.65
2025-12-14,Product_17,Electronics,1,27.59
2025-12-14,Product_18,Electronics,2,8.05
2025-12-14,Product_19,Beverage,10,35.0
2025-12-14,Product_20,Clothing,5,17.47
2025-12-15,Product_1,Electronics,9,94.14
2025-12-15,Product_2,Food,1,60.07
2025-12-15,Product_3,Clothing,5,41.72
2025-12-15,Product_4,Clothing,2,25.99
2025-12-15,Product_5,Beverage,1,77.9
2025-12-15,Product_6,Electronics,9,54.49
2025-12-15,Product_7,Electronics,5,7.15
2025-12-15,Product_8,Electronics,5,24.17
2025-12-15,Product_9,Clothing,3,72.31
2025-12-15,Product_10,Clothing,5,77.01
2025-12-15,Product_11,Electronics,7,15.24
2025-12-15,Product_12,Clothing,4,45.62
2025-12-15,Product_13,Electronics,5,87.84
2025-12-15,Product_14,Electronics,4,41.01
2025-12-15,Product_15,Clothing,3,83.78
2025-12-15,Product_16,Clothing,1,53.1
2025-12-15,Product_17,Food,4,43.76
2025-12-15,Product_18,Clothing,7,78.06
2025-12-15,Product_19,Food,8,81.87
2025-12-15,Product_20,Clothing,2,43.09
2025-12-16,Product_1,Food,7,47.42
2025-12-16,Product_2,Clothing,6,27.8
2025-12-16,Product_3,Electronics,4,42.67
2025-12-16,Product_4,Food,3,62.31
2025-12-16,Product_5,Electronics,3,17.8
2025-12-16,Product_6,Food,4,43.69
2025-12-16,Product_7,Clothing,3,77.09
2025-12-16,Product_8,Food,9,78.67
2025-12-16,Product_9,Clothing,8,73.22
2025-12-16,Product_10,Electronics,3,85.18
2025-12-16,Product_11,Beverage,3,83.62
2025-12-16,Product_12,Clothing,2,49.83
2025-12-16,Product_13,Clothing,5,14.11
2025-12-16,Product_14,Clothing,8,48.07
2025-12-16,Product_15,Food,0,85.71
2025-12-16,Product_16,Clothing,10,19.89
2025-12-16,Product_17,Food,7,27.38
2025-12-16,Product_18,Beverage,1,51.46
2025-12-16,Product_19,Clothing,2,50.63
2025-12-16,Product_20,Food,2,97.19
2025-12-17,Product_1,Clothing,3,98.09
2025-12-17,Product_2,Clothing,3,34.79
2025-12-17,Product_3,Food,3,92.66
2025-12-17,Product_4,Clothing,5,85.31
2025-12-17,Product_5,Beverage,2,16.85
2025-12-17,Product_6,Electronics,3,65.78
2025-12-17,Product_7,Clothing,10,11.81
2025-12-17,Product_8,Beverage,3,75.12
2025-12-17,Product_9,Beverage,3,91.01
2025-12-17,Product_10,Food,3,89.6
2025-12-17,Product_11,Electronics,4,69.93
2025-12-17,Product_12,Clothing,0,12.39
2025-12-17,Product_13,Clothing,4,72.61
2025-12-17,Product_14,Clothing,4,32.6
2025-12-17,Product_15,Electronics,6,71.84
2025-12-17,Product_16,Electronics,6,13.49
2025-12-17,Product_17,Clothing,3,16.57
2025-12-17,Product_18,Food,3,22.49
2025-12-17,Product_19,Food,10,42.15
2025-12-17,Product_20,Clothing,10,84.18
2025-12-18,Product_1,Electronics,3,61.83
2025-12-18,Product_2,Electronics,7,42.4
2025-12-18,Product_3,Electronics,2,51.63
2025-12-18,Product_4,Food,4,42.63
2025-12-18,Product_5,Food,7,46.44
2025-12-18,Product_6,Electronics,1,65.07
2025-12-18,Product_7,Clothing,3,77.42
2025-12-18,Product_8,Beverage,8,90.67
2025-12-18,Product_9,Food,3,26.99
2025-12-18,Product_10,Food,3,29.72
2025-12-18,Product_11,Electronics,9,61.52
2025-12-18,Product_12,Food,5,83.15
2025-12-18,Product_13,Food,4,64.82
2025-12-18,Product_14,Food,6,51.74
2025-12-18,Product_15,Clothing,9,58.66
2025-12-18,Product_16,Food,8,84.81
2025-12-18,Product_17,Beverage,0,47.46
2025-12-18,Product_18,Electronics,5,6.76
2025-12-18,Product_19,Food,4,26.0
2025-12-18,Product_20,Clothing,8,20.13
2025-12-19,Product_1,Food,6,50.74
2025-12-19,Product_2,Beverage,-6,65.17
2025-12-19,Product_3,Electronics,10,76.95
2025-12-19,Product_4,Beverage,0,40.31
2025-12-19,Product_5,Clothing,6,17.55
2025-12-19,Product_6,Electronics,3,24.36
2025-12-19,Product_7,Food,2,72.01
2025-12-19,Product_8,Food,10,76.29
2025-12-19,Product_9,Clothing,5,44.54
2025-12-19,Product_10,Beverage,7,47.31
2025-12-19,Product_11,Beverage,3,65.35
2025-12-19,Product_12,Electronics,10,9.6
2025-12-19,Product_13,Food,-10,30.71
2025-12-19,Product_14,Electronics,9,97.36
2025-12-19,Product_15,Electronics,6,36.76
2025-12-19,Product_16,Electronics,0,51.45
2025-12-19,Product_17,Beverage,3,59.8
2025-12-19,Product_18,Electronics,9,88.74
2025-12-19,Product_19,Electronics,4,34.79
2025-12-19,Product_20,Electronics,4,44.51
2025-12-20,Product_1,Food,7,84.6
2025-12-20,Product_2,Beverage,3,28.9
2025-12-20,Product_3,Clothing,4,92.24
2025-12-20,Product_4,Beverage,4,25.39
2025-12-20,Product_5,Food,5,73.98
2025-12-20,Product_6,Food,6,88.52
2025-12-20,Product_7,Electronics,7,56.25
2025-12-20,Product_8,Food,4,94.35
2025-12-20,Product_9,Clothing,3,37.96
2025-12-20,Product_10,Clothing,7,61.26
2025-12-20,Product_11,Beverage,2,76.56
2025-12-20,Product_12,Beverage,8,30.28
2025-12-20,Product_13,Food,0,10.37
2025-12-20,Product_14,Beverage,5,17.39
2025-12-20,Product_15,Beverage,5,26.74
2025-12-20,Product_16,Clothing,2,37.18
2025-12-20,Product_17,Beverage,7,59.01
2025-12-20,Product_18,Beverage,0,91.46
2025-12-20,Product_19,Electronics,3,97.22
2025-12-20,Product_20,Food,5,29.73
2025-12-21,Product_1,Beverage,5,64.18
2025-12-21,Product_2,Food,2,19.84
2025-12-21,Product_3,Clothing,2,83.35
2025-12-21,Product_4,Food,3,38.26
2025-12-21,Product_5,Electronics,6,77.01
2025-12-21,Product_6,Clothing,4,73.3
2025-12-21,Product_7,Beverage,4,9.94
2025-12-21,Product_8,Clothing,4,60.82
2025-12-21,Product_9,Electronics,6,95.73
2025-12-21,Product_10,Clothing,4,96.04
2025-12-21,Product_11,Clothing,4,63.89
2025-12-21,Product_12,Electronics,4,70.77
2025-12-21,Product_13,Food,4,70.31
2025-12-21,Product_14,Food,4,99.01
2025-12-21,Product_15,Food,9,69.25
2025-12-21,Product_16,Food,3,23.46
2025-12-21,Product_17,Clothing,5,58.96
2025-12-21,Product_18,Beverage,1,61.8
2025-12-21,Product_19,Beverage,3,44.16
2025-12-21,Product_20,Beverage,8,38.22
2025-12-22,Product_1,Food,5,79.48
2025-12-22,Product_2,Food,3,23.98
2025-12-22,Product_3,Beverage,3,24.93
2025-12-22,Product_4,Beverage,6,13.92
2025-12-22,Product_5,Electronics,5,79.65
2025-12-22,Product_6,Clothing,5,14.03
2025-12-22,Product_7,Clothing,3,95.85
2025-12-22,Product_8,Beverage,4,55.87
2025-12-22,Product_9,Electronics,4,66.24
2025-12-22,Product_10,Food,1,42.98
2025-12-22,Product_11,Electronics,4,80.73
2025-12-22,Product_12,Clothing,5,10.5
2025-12-22,Product_13,Clothing,3,66.77
2025-12-22,Product_14,Electronics,1,5.55
2025-12-22,Product_15,Beverage,5,65.3
2025-12-22,Product_16,Beverage,0,33.4
2025-12-22,Product_17,Clothing,4,70.85
2025-12-22,Product_18,Clothing,8,13.31
2025-12-22,Product_19,Beverage,3,34.24
2025-12-22,Product_20,Clothing,6,20.3
2025-12-23,Product_1,Clothing,3,7.59
2025-12-23,Product_2,Clothing,1,38.71
2025-12-23,Product_3,Clothing,4,52.52
2025-12-23,Product_4,Beverage,1,99.85
2025-12-23,Product_5,Food,5,25.99
2025-12-23,Product_6,Food,6,46.79
2025-12-23,Product_7,Clothing,2,23.0
2025-12-23,Product_8,Clothing,3,61.5
2025-12-23,Product_9,Beverage,6,10.42
2025-12-23,Product_10,Electronics,3,13.07
2025-12-23,Product_11,Food,4,67.41
2025-12-23,Product_12,Electronics,2,51.38
2025-12-23,Product_13,Clothing,2,53.05
2025-12-23,Product_14,Food,1,34.16
2025-12-23,Product_15,Food,1,66.67
2025-12-23,Product_16,Clothing,4,88.6
2025-12-23,Product_17,Food,10,54.3
2025-12-23,Product_18,Electronics,3,49.16
2025-12-23,Product_19,Beverage,3,84.96
2025-12-23,Product_20,Clothing,4,59.6
2025-12-24,Product_1,Clothing,3,72.25
2025-12-24,Product_2,Food,10,33.03
2025-12-24,Product_3,Clothing,10,99.25
2025-12-24,Product_4,Clothing,6,5.43
2025-12-24,Product_5,Beverage,4,78.17
2025-12-24,Product_6,Clothing,7,69.86
2025-12-24,Product_7,Electronics,5,43.3
2025-12-24,Product_8,Electronics,2,7.65
2025-12-24,Product_9,Electronics,3,78.85
2025-12-24,Product_10,Clothing,4,73.62
2025-12-24,Product_11,Clothing,5,28.88
2025-12-24,Product_12,Clothing,1,93.48
2025-12-24,Product_13,Electronics,5,14.63
2025-12-24,Product_14,Clothing,5,68.45
2025-12-24,Product_15,Clothing,3,66.7
2025-12-24,Product_16,Food,3,5.3
2025-12-24,Product_17,Clothing,4,64.09
2025-12-24,Product_18,Clothing,0,59.08
2025-12-24,Product_19,Beverage,10,25.21
2025-12-24,Product_20,Food,1,43.75
2025-12-25,Product_1,Electronics,10,5.72
2025-12-25,Product_2,Food,3,75.16
2025-12-25,Product_3,Food,2,11.95
2025-12-25,Product_4,Food,3,37.39
2025-12-25,Product_5,Electronics,2,50.82
2025-12-25,Product_6,Food,7,58.38
2025-12-25,Product_7,Beverage,2,84.57
2025-12-25,Product_8,Clothing,3,76.89
2025-12-25,Product_9,Clothing,3,31.87
2025-12-25,Product_10,Electronics,6,78.58
2025-12-25,Product_11,Beverage,5,51.07
2025-12-25,Product_12,Beverage,5,12.52
2025-12-25,Product_13,Electronics,1,88.14
2025-12-25,Product_14,Food,1,89.02
2025-12-25,Product_15,Beverage,-3,83.36
2025-12-25,Product_16,Beverage,2,63.82
2025-12-25,Product_17,Beverage,10,55.62
2025-12-25,Product_18,Electronics,3,75.9
2025-12-25,Product_19,Food,4,58.41
2025-12-25,Product_20,Food,6,73.65
2025-12-26,Product_1,Clothing,3,89.83
2025-12-26,Product_2,Beverage,7,70.42
2025-12-26,Product_3,Electronics,5,61.99
2025-12-26,Product_4,Electronics,6,6.52
2025-12-26,Product_5,Food,3,97.98
2025-12-26,Product_6,Clothing,1,91.26
2025-12-26,Product_7,Food,6,95.3
2025-12-26,Product_8,Food,2,39.12
2025-12-26,Product_9,Clothing,5,7.82
2025-12-26,Product_10,Electronics,6,32.1
2025-12-26,Product_11,Electronics,3,94.38
2025-12-26,Product_12,Beverage,3,10.56
2025-12-26,Product_13,Food,6,65.71
2025-12-26,Product_14,Beverage,10,70.89
2025-12-26,Product_15,Food,2,5.12
2025-12-26,Product_16,Food,4,36.35
2025-12-26,Product_17,Beverage,9,30.07
2025-12-26,Product_18,Electronics,6,44.34
2025-12-26,Product_19,Food,2,87.21
2025-12-26,Product_20,Electronics,3,70.42
2025-12-27,Product_1,Food,3,56.5
2025-12-27,Product_2,Beverage,10,18.43
2025-12-27,Product_3,Electronics,5,94.1
2025-12-27,Product_4,Beverage,3,15.55
2025-12-27,Product_5,Food,9,72.96
2025-12-27,Product_6,Electronics,3,34.9
2025-12-27,Product_7,Clothing,3,35.36
2025-12-27,Product_8,Clothing,1,39.83
2025-12-27,Product_9,Food,5,96.85
2025-12-27,Product_10,Food,8,34.59
2025-12-27,Product_11,Beverage,9,37.55
2025-12-27,Product_12,Beverage,3,12.27
2025-12-27,Product_13,Beverage,5,37.42
2025-12-27,Product_14,Beverage,8,80.27
2025-12-27,Product_15,Beverage,6,67.06
2025-12-27,Product_16,Electronics,6,27.83
2025-12-27,Product_17,Clothing,10,42.61
2025-12-27,Product_18,Food,1,32.86
2025-12-27,Product_19,Beverage,1,50.46
2025-12-27,Product_20,Food,4,25.55
2025-12-28,Product_1,Food,7,45.73
2025-12-28,Product_2,Electronics,1,32.19
2025-12-28,Product_3,Electronics,5,51.98
2025-12-28,Product_4,Food,1,23.47
2025-12-28,Product_5,Beverage,3,30.51
2025-12-28,Product_6,Food,5,26.51
2025-12-28,Product_7,Clothing,2,37.33
2025-12-28,Product_8,Electronics,2,36.7
2025-12-28,Product_9,Electronics,8,74.54
2025-12-28,Product_10,Food,2,77.38
2025-12-28,Product_11,Food,4,8.95
2025-12-28,Product_12,Clothing,6,62.54
2025-12-28,Product_13,Food,10,76.22
2025-12-28,Product_14,Clothing,5,41.45
2025-12-28,Product_15,Electronics,4,23.03
2025-12-28,Product_16,Food,5,98.54
2025-12-28,Product_17,Beverage,5,70.81
2025-12-28,Product_18,Beverage,7,8.94
2025-12-28,Product_19,Electronics,7,27.31
2025-12-28,Product_20,Clothing,0,25.38
